<application>
  <component name="MaterialThemeConfig">
    <option name="compactDropdowns" value="true" />
    <option name="darkTitleBar" value="true" />
    <option name="isCompactMenus" value="true" />
    <option name="isCompactStatusBar" value="true" />
    <option name="isCompactTables" value="true" />
    <option name="isContrastMode" value="true" />
    <option name="isHighContrast" value="true" />
    <option name="isWizardShown" value="true" />
    <option name="pristineConfig" value="false" />
    <option name="useMaterialFont2" value="true" />
    <option name="settingsSelectedTab" value="1" />
    <option name="selectedTheme" value="DEEPOCEAN" />
    <option name="userId" value="-692571a0:16b64b056fd:-8000" />
    <option name="version" value="4.1" />
  </component>
</application>